engjpn1418,engjpn1606
engjpn141d,engjpn1606
engjpn1422,engjpn1606
engjpn1427,engjpn1606
engjpn1439,engjpn160a
engdeu1431,engdeu1605
engdeu1419,engdeu1613
engdeu141f,engdeu1613
engdeu1425,engdeu1613
engdeu142b,engdeu1613
engdeu142d,engdeu1613
engdeu142e,engdeu1613
engdeu142f,engdeu1613
engdeu1430,engdeu1613
engdeu1405,engdeu1608
engdeu1409,engdeu1608
engdeu1432,engdeu1608
zhoeng1404,zhoeng160a
zhoeng1406,zhoeng160a
zhoeng1408,zhoeng160a
zhoeng140a,zhoeng160a
engjpn140c,engjpn1611
engjpn1411,engjpn1611
engjpn1414,engjpn1611
engjpn1415,engjpn1611
engjpn141a,engjpn1611
engjpn141f,engjpn1611
engjpn1424,engjpn1611
engjpn1429,engjpn1611
engjpn142a,engjpn1611
engjpn142b,engjpn1611
engjpn142c,engjpn1611
engjpn142d,engjpn1611
engjpn142e,engjpn1611
engjpn142f,engjpn1611
engjpn1430,engjpn1611
engjpn143b,engjpn1611
engjpn143c,engjpn1611
zhoeng1403,zhoeng1601
zhoeng142b,zhoeng1601
zhoeng1431,zhoeng1601
zhoeng1438,zhoeng1601
zhoeng143a,zhoeng1601
zhoeng143b,zhoeng1601
engjpn1435,engjpn160f
engdeu1433,engdeu1609
engdeu1407,engdeu160a
engdeu1416,engdeu160a
engdeu141c,engdeu160a
engdeu1422,engdeu160a
engdeu1428,engdeu160a
engzho1401,engzho1601
engzho1402,engzho1601
engzho1403,engzho1601
engzho1404,engzho1601
engzho1405,engzho1601
engzho1406,engzho1601
engzho1407,engzho1601
engzho1408,engzho1601
engzho1409,engzho1601
engzho140a,engzho1601
engzho1439,engzho1601
engzho143c,engzho1601
engzho143f,engzho1601
engzho1442,engzho1601
zhoeng1426,zhoeng160f
zhoeng142c,zhoeng160f
engdeu1417,engdeu1606
engdeu141d,engdeu1606
engdeu1423,engdeu1606
engdeu1429,engdeu1606
engdeu140b,engdeu1602
engdeu140c,engdeu1602
engdeu140d,engdeu1602
engdeu140e,engdeu1602
engdeu140f,engdeu1602
engdeu1410,engdeu1602
engdeu1411,engdeu1602
engdeu1412,engdeu1602
engdeu1413,engdeu1602
engdeu1414,engdeu1602
engzho1417,engzho160c
engzho1419,engzho160c
engzho141b,engzho160c
engzho141d,engzho160c
engzho1435,engzho160c
engjpn1438,engjpn1614
engzho140f,engzho1606
engzho1410,engzho1606
engzho1411,engzho1606
engzho1412,engzho1606
engzho1418,engzho1606
engzho141a,engzho1606
engzho141c,engzho1606
engzho141e,engzho1606
engzho141f,engzho1606
engzho1420,engzho1606
engzho1421,engzho1606
engzho1422,engzho1606
engzho1423,engzho1606
engzho1424,engzho1606
engzho1425,engzho1606
engzho1426,engzho1606
engzho1428,engzho1606
engzho142a,engzho1606
engzho142c,engzho1606
engzho142e,engzho1606
engzho142f,engzho1606
engzho1430,engzho1606
engzho1431,engzho1606
engzho1432,engzho1606
engzho1438,engzho1606
engzho143b,engzho1606
engzho143e,engzho1606
engzho1441,engzho1606
zhoeng1411,zhoeng160d
zhoeng1413,zhoeng160d
zhoeng1415,zhoeng160d
zhoeng1417,zhoeng160d
zhoeng1419,zhoeng160d
zhoeng141b,zhoeng160d
zhoeng141d,zhoeng160d
zhoeng141f,zhoeng160d
zhoeng1428,zhoeng160d
zhoeng142e,zhoeng160d
zhoeng143e,zhoeng160d
zhoeng1442,zhoeng160d
engjpn140b,engjpn1607
engjpn1410,engjpn1607
engjpn1416,engjpn1607
engjpn141b,engjpn1607
engjpn1420,engjpn1607
engjpn1425,engjpn1607
engjpn1431,engjpn1607
engjpn143d,engjpn1607
engjpn1440,engjpn1607
engjpn1443,engjpn1607
enghrv1428,enghrv1601
enghrv142a,enghrv1601
enghrv142c,enghrv1601
enghrv142e,enghrv1601
engdeu1434,engdeu160c
engdeu1436,engdeu160c
enghrv140f,enghrv160b
enghrv1415,enghrv160b
engdeu1401,engdeu1601
engdeu1402,engdeu1601
engdeu1403,engdeu1601
engdeu1404,engdeu1601
engdeu1406,engdeu1601
engdeu1408,engdeu1601
engdeu140a,engdeu1601
engjpn1401,engjpn1604
engjpn1402,engjpn1604
engjpn1403,engjpn1604
engjpn1404,engjpn1604
engzho140b,engzho1603
engzho140c,engzho1603
engzho140d,engzho1603
engzho140e,engzho1603
engzho1427,engzho1603
engzho1429,engzho1603
engzho142b,engzho1603
engzho142d,engzho1603
engzho1437,engzho1603
engzho143a,engzho1603
engzho143d,engzho1603
engzho1440,engzho1603
zhoeng1410,zhoeng160e
zhoeng1412,zhoeng160e
zhoeng1414,zhoeng160e
zhoeng1416,zhoeng160e
zhoeng1418,zhoeng160e
zhoeng141a,zhoeng160e
zhoeng141c,zhoeng160e
zhoeng141e,zhoeng160e
zhoeng1427,zhoeng160e
zhoeng142d,zhoeng160e
zhoeng143d,zhoeng160e
zhoeng1441,zhoeng160e
enghrv140d,enghrv1602
enghrv1413,enghrv1602
enghrv1411,enghrv160d
enghrv1417,enghrv160d
engjpn1413,engjpn160c
engjpn140a,engjpn1602
engjpn140f,engjpn1602
engdeu141a,engdeu1604
engdeu1420,engdeu1604
engdeu1426,engdeu1604
engdeu142c,engdeu1604
enghrv1401,enghrv1606
enghrv1402,enghrv1606
enghrv1403,enghrv1606
enghrv1404,enghrv1606
enghrv142f,enghrv1606
enghrv1430,enghrv1606
enghrv140e,enghrv1603
enghrv1414,enghrv1603
zhoeng1422,zhoeng1611
zhoeng1423,zhoeng1611
zhoeng1424,zhoeng1611
zhoeng1425,zhoeng1611
zhoeng1432,zhoeng1611
zhoeng1433,zhoeng1611
engjpn1434,engjpn1603
engjpn1409,engjpn1608
engjpn140e,engjpn1608
engjpn1419,engjpn1613
engjpn141e,engjpn1613
engjpn1423,engjpn1613
engjpn1428,engjpn1613
engjpn1433,engjpn1613
engjpn1442,engjpn1613
engjpn1445,engjpn1613
enghrv1405,enghrv1604
enghrv1406,enghrv1604
enghrv1407,enghrv1604
enghrv1408,enghrv1604
enghrv1409,enghrv1604
enghrv140a,enghrv1604
enghrv140b,enghrv1604
enghrv140c,enghrv1604
enghrv141f,enghrv1604
enghrv1421,enghrv1604
enghrv1423,enghrv1604
enghrv1425,enghrv1604
engjpn140d,engjpn1612
engjpn1412,engjpn1612
engjpn1432,engjpn1612
engjpn143a,engjpn1612
engjpn143e,engjpn1612
engjpn143f,engjpn1612
engjpn1441,engjpn1612
engjpn1444,engjpn1612
engzho1434,engzho1610
engzho1436,engzho1610
zhoeng1401,zhoeng1603
zhoeng143c,zhoeng1603
engdeu1418,engdeu160e
engdeu141e,engdeu160e
engdeu1424,engdeu160e
engdeu142a,engdeu160e
enghrv1410,enghrv160c
enghrv1416,enghrv160c
enghrv141a,enghrv160c
enghrv141c,enghrv160c
enghrv141d,enghrv160c
enghrv141e,enghrv160c
enghrv1420,enghrv160c
enghrv1422,enghrv160c
enghrv1424,enghrv160c
enghrv1426,enghrv160c
enghrv1427,enghrv160c
enghrv1429,enghrv160c
enghrv142b,enghrv160c
enghrv142d,enghrv160c
engjpn1417,engjpn1605
engjpn141c,engjpn1605
engjpn1421,engjpn1605
engjpn1426,engjpn1605
enghrv1412,enghrv160f
enghrv1418,enghrv160f
zhoeng1420,zhoeng160b
zhoeng1421,zhoeng160b
zhoeng1434,zhoeng160b
zhoeng1435,zhoeng160b
zhoeng1436,zhoeng160b
zhoeng143f,zhoeng160b
zhoeng1443,zhoeng160b
enghrv1419,enghrv1612
enghrv141b,enghrv1612
engdeu1415,engdeu1603
engdeu141b,engdeu1603
engdeu1421,engdeu1603
engdeu1427,engdeu1603
engjpn1436,engjpn1610
engjpn1437,engjpn1610
engjpn1405,engjpn1601
engjpn1406,engjpn1601
engjpn1407,engjpn1601
engjpn1408,engjpn1601
engzho1443,engzho160e
engzho1444,engzho160e
engzho1445,engzho160e
zhoeng140c,zhoeng1604
zhoeng140d,zhoeng1604
zhoeng140e,zhoeng1604
zhoeng140f,zhoeng1604
zhoeng142a,zhoeng1604
zhoeng1430,zhoeng1604
zhoeng1440,zhoeng1604
zhoeng1402,zhoeng1606
zhoeng1405,zhoeng1606
zhoeng1407,zhoeng1606
zhoeng1409,zhoeng1606
zhoeng140b,zhoeng1606
zhoeng1429,zhoeng1606
zhoeng142f,zhoeng1606
zhoeng1437,zhoeng1606
zhoeng1439,zhoeng1606
engzho1413,engzho160f
engzho1414,engzho160f
engzho1415,engzho160f
engzho1416,engzho160f
engzho1433,engzho160f
engdeu1435,engdeu1612
engjpn1513,engjpn1606
engjpn1516,engjpn1606
engjpn1519,engjpn1606
engjpn1524,engjpn1609
engjpn1526,engjpn1609
engdeu1501,engdeu1608
engdeu1505,engdeu1608
engdeu1509,engdeu1608
engdeu150d,engdeu1608
engdeu1511,engdeu1608
engdeu1512,engdeu1608
engdeu1513,engdeu1608
engdeu1514,engdeu1608
engdeu1529,engdeu1608
engdeu152f,engdeu1608
engdeu1535,engdeu1608
engdeu1537,engdeu1608
engjpn1504,engjpn1611
engjpn1508,engjpn1611
engjpn150c,engjpn1611
engjpn1510,engjpn1611
engjpn152c,engjpn1611
engjpn152f,engjpn1611
engjpn1533,engjpn1611
engjpn1534,engjpn1611
engjpn1535,engjpn1611
engjpn1536,engjpn1611
engjpn153f,engjpn1611
engjpn1540,engjpn1611
engjpn1541,engjpn1611
engjpn1542,engjpn1611
engjpn1543,engjpn1611
engjpn1544,engjpn1611
zhoeng1509,zhoeng1614
zhoeng150a,zhoeng1614
zhoeng150b,zhoeng1614
zhoeng150c,zhoeng1614
zhoeng150d,zhoeng1614
zhoeng150e,zhoeng1614
zhoeng150f,zhoeng1614
zhoeng1510,zhoeng1614
zhoeng1514,zhoeng1614
zhoeng1518,zhoeng1614
zhoeng151c,zhoeng1614
zhoeng1520,zhoeng1614
zhoeng1521,zhoeng1614
zhoeng1528,zhoeng1614
zhoeng1529,zhoeng1614
zhoeng1534,zhoeng1614
zhoeng1538,zhoeng1614
zhoeng153c,zhoeng1614
engjpn151a,engjpn160f
engjpn151b,engjpn160f
engjpn1532,engjpn160f
engdeu1515,engdeu1609
engdeu1516,engdeu1609
engdeu1517,engdeu1609
engdeu1518,engdeu1609
engdeu152a,engdeu1609
engdeu1530,engdeu1609
engdeu1536,engdeu1609
engdeu1503,engdeu160a
engdeu1507,engdeu160a
engdeu150b,engdeu160a
engdeu150f,engdeu160a
engdeu1525,engdeu160a
engdeu152b,engdeu160a
engdeu1531,engdeu160a
engzho1505,engzho1601
engzho1509,engzho1601
engzho152f,engzho1601
engzho1534,engzho1601
engzho153d,engzho1601
engzho1541,engzho1601
zhoeng1511,zhoeng160f
zhoeng1515,zhoeng160f
zhoeng1519,zhoeng160f
zhoeng151d,zhoeng160f
engdeu151b,engdeu1602
engdeu151e,engdeu1602
engdeu1521,engdeu1602
engdeu1524,engdeu1602
engdeu1528,engdeu1602
engdeu152e,engdeu1602
engdeu1534,engdeu1602
engzho1501,engzho160c
engzho1502,engzho160c
engzho1503,engzho160c
engzho1504,engzho160c
engzho1508,engzho160c
engzho150d,engzho160c
engzho150e,engzho160c
engzho150f,engzho160c
engzho1510,engzho160c
engzho1513,engzho160c
engzho1515,engzho160c
engzho1517,engzho160c
engzho1519,engzho160c
engzho1527,engzho160c
engzho1529,engzho160c
engzho152b,engzho160c
engzho152d,engzho160c
engzho1533,engzho160c
engzho1538,engzho160c
engzho153e,engzho160c
engzho1542,engzho160c
engzho1507,engzho1606
engzho150b,engzho1606
engzho1531,engzho1606
engzho1536,engzho1606
zhoeng1502,zhoeng160d
zhoeng1504,zhoeng160d
zhoeng1506,zhoeng160d
zhoeng1508,zhoeng160d
zhoeng1513,zhoeng160d
zhoeng1517,zhoeng160d
zhoeng151b,zhoeng160d
zhoeng151f,zhoeng160d
zhoeng1523,zhoeng160d
zhoeng1525,zhoeng160d
zhoeng1532,zhoeng160d
zhoeng1536,zhoeng160d
zhoeng153a,zhoeng160d
zhoeng153d,zhoeng160d
engjpn1502,engjpn1607
engjpn1506,engjpn1607
engjpn150a,engjpn1607
engjpn150e,engjpn1607
engjpn1512,engjpn1607
engjpn1515,engjpn1607
engjpn1518,engjpn1607
engjpn151d,engjpn1607
engjpn151f,engjpn1607
engjpn1521,engjpn1607
engjpn1523,engjpn1607
engjpn152e,engjpn1607
engjpn1531,engjpn1607
engjpn1537,engjpn1607
engjpn1539,engjpn1607
engjpn153b,engjpn1607
engjpn153d,engjpn1607
engdeu1519,engdeu160c
engdeu151c,engdeu160c
enghrv1507,enghrv160b
enghrv1509,enghrv160b
enghrv152a,enghrv160b
enghrv152e,enghrv160b
engdeu151a,engdeu1601
engdeu151d,engdeu1601
engdeu151f,engdeu1601
engdeu1520,engdeu1601
engdeu1522,engdeu1601
engdeu1523,engdeu1601
engdeu1527,engdeu1601
engdeu152d,engdeu1601
engdeu1533,engdeu1601
engjpn1525,engjpn1604
engjpn1527,engjpn1604
engjpn1529,engjpn1604
engjpn152b,engjpn1604
engzho1506,engzho1603
engzho150a,engzho1603
engzho1530,engzho1603
engzho1535,engzho1603
zhoeng1501,zhoeng160e
zhoeng1503,zhoeng160e
zhoeng1505,zhoeng160e
zhoeng1507,zhoeng160e
zhoeng1512,zhoeng160e
zhoeng1516,zhoeng160e
zhoeng151a,zhoeng160e
zhoeng151e,zhoeng160e
zhoeng1522,zhoeng160e
zhoeng1524,zhoeng160e
zhoeng1533,zhoeng160e
zhoeng1537,zhoeng160e
zhoeng153b,zhoeng160e
enghrv1510,enghrv1602
enghrv1514,enghrv1602
enghrv1528,enghrv1602
enghrv152c,enghrv1602
enghrv151b,enghrv1605
enghrv151c,enghrv1605
engjpn1503,engjpn160c
engjpn1507,engjpn160c
engjpn150b,engjpn160c
engjpn150f,engjpn160c
enghrv1511,enghrv1606
enghrv1515,enghrv1606
enghrv1524,enghrv1606
enghrv1526,enghrv1606
enghrv1501,enghrv1603
enghrv1503,enghrv1603
enghrv1505,enghrv1603
enghrv1529,enghrv1603
zhoeng152a,zhoeng1611
zhoeng152b,zhoeng1611
zhoeng152c,zhoeng1611
zhoeng152d,zhoeng1611
zhoeng152e,zhoeng1611
zhoeng152f,zhoeng1611
zhoeng1530,zhoeng1611
zhoeng1531,zhoeng1611
zhoeng153e,zhoeng1611
zhoeng153f,zhoeng1611
zhoeng1540,zhoeng1611
enghrv152f,enghrv1608
enghrv1530,enghrv1608
engjpn1511,engjpn1608
engjpn1514,engjpn1608
engjpn1517,engjpn1608
enghrv1502,enghrv1604
enghrv1504,enghrv1604
enghrv1506,enghrv1604
enghrv150b,enghrv1604
enghrv150c,enghrv1604
enghrv150d,enghrv1604
enghrv150e,enghrv1604
engjpn1501,engjpn1612
engjpn1505,engjpn1612
engjpn1509,engjpn1612
engjpn150d,engjpn1612
engjpn151c,engjpn1612
engjpn151e,engjpn1612
engjpn1520,engjpn1612
engjpn1522,engjpn1612
engjpn1528,engjpn1612
engjpn152a,engjpn1612
engjpn152d,engjpn1612
engjpn1530,engjpn1612
engjpn1538,engjpn1612
engjpn153a,engjpn1612
engjpn153c,engjpn1612
engjpn153e,engjpn1612
engjpn1545,engjpn1612
engdeu1526,engdeu160e
engdeu152c,engdeu160e
engdeu1532,engdeu160e
enghrv1508,enghrv160c
enghrv150a,enghrv160c
enghrv1512,enghrv160c
enghrv1516,enghrv160c
enghrv1517,enghrv160c
enghrv1518,enghrv160c
enghrv1519,enghrv160c
enghrv151a,enghrv160c
enghrv151d,enghrv160c
enghrv151e,enghrv160c
enghrv151f,enghrv160c
enghrv1520,enghrv160c
enghrv1521,enghrv160f
enghrv1522,enghrv160f
enghrv1523,enghrv160f
enghrv1525,enghrv160f
enghrv152d,enghrv160f
enghrv150f,enghrv1613
enghrv1513,enghrv1613
enghrv1527,enghrv1613
enghrv152b,enghrv1613
engzho1528,engzho1602
engzho152a,engzho1602
engzho152c,engzho1602
engzho152e,engzho1602
engzho1540,engzho1602
engzho1544,engzho1602
engdeu1504,engdeu160d
engdeu1508,engdeu160d
engdeu150c,engdeu160d
engdeu1510,engdeu160d
engzho1511,engzho160e
engzho1512,engzho160e
engzho1514,engzho160e
engzho1516,engzho160e
engzho1518,engzho160e
engzho151a,engzho160e
engzho151b,engzho160e
engzho151c,engzho160e
engzho151d,engzho160e
engzho151e,engzho160e
engzho151f,engzho160e
engzho1520,engzho160e
engzho1521,engzho160e
engzho1522,engzho160e
engzho1523,engzho160e
engzho1524,engzho160e
engzho1525,engzho160e
engzho1526,engzho160e
engzho1532,engzho160e
engzho1537,engzho160e
engzho1539,engzho160e
engzho153a,engzho160e
engzho153b,engzho160e
engzho153c,engzho160e
engzho153f,engzho160e
engzho1543,engzho160e
engzho1545,engzho160e
engzho1546,engzho160e
zhoeng1526,zhoeng1613
zhoeng1527,zhoeng1613
zhoeng1535,zhoeng1606
zhoeng1539,zhoeng1606
zhoeng1541,zhoeng1606
zhoeng1542,zhoeng1606
zhoeng1543,zhoeng1606
engzho150c,engzho160f
engdeu1502,engdeu1612
engdeu1506,engdeu1612
engdeu150a,engdeu1612
engdeu150e,engdeu1612
engces1201,engces1602
engces1202,engces1606
engces1203,engces1609
engces1204,engces1609
engces1205,engces1609
engces1206,engces1602
engces1207,engces1608
engces1208,engces1609
engces1209,engces160b
engces120a,engces160b
engces120b,engces160b
engces120c,engces160b
engces120d,engces160b
engces120e,engces1602
engces120f,engces1618
engces1210,engces1603
engces1211,engces1603
engces1212,engces1609
engces1213,engces1609
engces1214,engces1609
engces1215,engces1603
engces1216,engces1602
engces1217,engces1607
engces1218,engces161a
engces1219,engces1607
engces121a,engces1608
engces121b,engces1603
engces121c,engces1603
engces121d,engces1605
engces121e,engces1603
engces121f,engces1608
engces1220,engces160f
engces1221,engces160f
engces1222,engces1604
engces1223,engces161a
engces1224,engces160e
engces1225,engces1607
engces1226,engces160d
engces1227,engces1608
engces1228,engces1608
engces1229,engces1603
engces122a,engces1607
engces122b,engces1603
engces122c,engces1603
engces122d,engces160d
engces122e,engces1602
engces122f,engces1602
engces1230,engces160f
engces1231,engces1607
engces1232,engces1605
engces1233,engces1605
engces1234,engces1605
engces1235,engces161a
engces1236,engces1603
engces1237,engces1602
engces1238,engces1609
engces1239,engces1609
engces123a,engces1603
engces123b,engces1603
engces123c,engces1603
engces1301,engces1603
engces1302,engces1603
engces1303,engces1607
engces1304,engces1607
engces1305,engces1612
engces1306,engces160f
engces1307,engces1612
engces1308,engces1612
engces1309,engces1607
engces130a,engces1603
engces130b,engces1611
engces130c,engces1607
engces130d,engces1607
engces130e,engces160f
engces130f,engces161a
engces1310,engces1603
engces1311,engces161a
engces1312,engces1609
engces1313,engces1609
engces1314,engces1603
engces1315,engces1603
engces1316,engces161a
engces1317,engces160f
engces1318,engces160f
engces1319,engces161a
engces131a,engces161a
engces131b,engces161a
engces131c,engces160f
engces131d,engces1603
engces131e,engces1603
engces131f,engces161a
engces1320,engces1603
engces1321,engces1609
engces1322,engces1609
engces1323,engces1609
engces1324,engces160f
engces1325,engces1603
engces1326,engces1603
engces1327,engces160f
engces1328,engces160e
engces1329,engces161a
engces132a,engces1607
engces132b,engces1603
engces132c,engces161a
engces132d,engces1607
engces132e,engces161a
engces132f,engces160f
engces1330,engces160f
engces1331,engces1603
engces1332,engces1603
engces1333,engces1603
engces1334,engces161a
engces1335,engces1608
engces1336,engces1608
engces1337,engces161a
engces1338,engces1604
engces1339,engces160f
engces133a,engces1603
engces133b,engces160f
engces133c,engces1608
